Model,Vendor,SerialNumber,AssetTagging,Age,ServiceTag
DELLP2219H,TRENDS,CN-078DVT-QDC00-98M-3L7B-A05,OSS-M445,5,731Y7W2
DELLP2219H,TRENDS,CN-078DVT-QDC00-9AF-6R5B-A06,OSS-M557,5,1BNS8W2
DELLP2219H,TRENDS,CN-08M8YV-QDC00-941-1CRL-A03,OSS-M208,7,BRW6ZS2
DELLP2217H,TRENDS,CN-0J8KCX-QDC00-7CM-53UL-A02,OSS-M176,7,62GRTL2
DELLP2217H,TRENDS,CN-0J8KCX-QDC00-7CM-549L-A02,OSS-M175,7,33GRTL2
DELLP2219H,TRENDS,CN-078DVT-QDC00-91Q-7C4B-A03,OSS-M174,6,84BKYS2
DELLP2219H,TRENDS,CN-078DVT-QDC00-97N-1APB-A05,OSS-M444,5,CHLH7W2
DELLP2219H,TRENDS,CN-078DVT-QDC00-9AF-6RJB-A06,OSS-M591,5,79MS8W2
DELLP2219H,TRENDS,CN-078DVT-QDC00-91Q-7D4B-A03,OSS-M182,5,BZ9KYS2
DELLP2219H,TRENDS,CN-078DVT-QDC00-91Q-7CKB-A03,OSS-M186,5,33BKYS2
DELLP2217H,TRENDS,CN-0J8KCX-QDC00-7CM-284L-A02,OSS-M179,7,GP5RTL2
DELLP2217H,TRENDS,CN-0J8KCX-QDC00-7CM-27AL-A02,OSS-M178,7,7N5RTL2
DELLP2217H,TRENDS,CN-0J8KCX-QDC00-7CM-54AL-A02,OSS-M183,7,43GRTL2
DELLP2217H,TRENDS,CN-0J8KCX-QDC00-7CM-282L-A02,OSS-M181,7,DP5RTL2
DELLP2219H,TRENDS,CN-078DVT-QDC00-91Q-7C9B-A03,OSS-M185,5,14BKYS2
DELLP2219H,TRENDS,CN-078DVT-QDC00-97N-1E0B-A05,OSS-M501,5,1YKH7W2
DELLP2219H,TRENDS,CN-078DVT-QDC00-97N-1AYB-A05,OSS-M538,5,DCLH7W2
DELLP2219H,TRENDS,CN-078DVT-QDC00-9AF-6PUB-A06,OSS-M549,5,JNNS8W2
DELLP2219H,TRENDS,CN-078DVT-QDC00-9AF-6RTB-A06,OSS-M590,5,4ZMS8W2
DELLP2219H,TRENDS,CN-078DVT-QDC00-97N-1D5B-A05,OSS-M496,5,HXKH7W2
DELLP2219H,TRENDS,CN-078DVT-QDC00-97N-1CCB-A05,OSS-M521,5,D4LH7W2
DELLP2217H,TRENDS,CN-0J8KCX-QDC00-7CM-287L-A02,OSS-M141,7,1Q5RTL2
DELLP2217H,TRENDS,CN-0J8KCX-QDC00-7CM-29AL-A02,OSS-M149,7,1S5RTL2
DELLP2217H,TRENDS,CN-0J8KCX-QDC00-7CM-259L-A02,OSS-M144,7,DJ5RTL2
DELLP2217H,TRENDS,CN-0J8KCX-QDC00-7CM-28PL-A02,OSS-M143,7,JQ5RTL2
DELLP2217H,TRENDS,CN-0J8KCX-QDC00-7CM-28NL-A02,OSS-M151,7,HQ5RTL2
DELLP2219H,TRENDS,CN-078DVT-QDC00-923-09FU-A03,OSS-M158,6,418PYS2
DELLP2219H,TRENDS,CN-078DVT-QDC00-8AB-484B-A02,OSS-M207,6,BNHYPP2
DELLP2217H,TRENDS,CN-0J8KCX-QDC00-7CM-291L-A02,OSS-M145,7,8R5RTL2
DELLP2217H,TRENDS,CN-0J8KCX-QDC00-7CM-53WL-A02,OSS-M152,7,82GRTL2
DELLP2217H,TRENDS,CN-0J8KCX-QDC00-7CM-28LL-A02,OSS-M156,7,FQ5RTL2
DELLP2217H,TRENDS,CN-0J8KCX-QDC00-7CM-53DL-A02,OSS-M157,7,91GRTL2
DELLP2219H,TRENDS,CN-078DVT-QDC00-91Q-7CUB-A03,OSS-M148,5,H3BKYS2
DELLP2219H,TRENDS,CN-078DVT-QDC00-91Q-7C6B-A03,OSS-M155,5,G2BKYS2
DELLP2219H,TRENDS,CN-078DVT-QDC00-91Q-7D8B-A03,OSS-M147,5,81BKYS2
DELLP2219H,TRENDS,CN-078DVT-QDC00-91Q-7TJB-A03,OSS-M154,5,6GDKYS2
DELLP2219H,TRENDS,CN-078DVT-QDC00-91Q-7A1B-A03,OSS-M165,5,C3BKYS2
DELLP2217H,TRENDS,CN-0J8KCX-QDC00-7CM-27LL-A02,OSS-M162,7,JN5RTL2
DELLP2217H,TRENDS,CN-0J8KCX-QDC00-7CM-541L-A02,OSS-M169,7,C2GRTL2
DELLP2217H,TRENDS,CN-0J8KCX-QDC00-7CM-27TL-A02,OSS-M160,7,5P5RTL2
DELLP2217H,TRENDS,CN-0J8KCX-QDC00-7CM-53VL-A02,OSS-M167,7,72GRTL2
DELLP2217H,TRENDS,CN-0J8KCX-QDC00-7CM-53LL-A02,OSS-M161,7,J1GRTL2
DELLP2217H,TRENDS,CN-0J8KCX-QDC00-7CM-28EL-A02,OSS-M168,7,7Q5RTL2
DELLP2217H,TRENDS,CN-0J8KCX-QDC00-7CM-52LL-A02,OSS-M164,7,30GRTL2
DELLP2217H,TRENDS,CN-0J8KCX-QDC00-7CM-288L-A02,OSS-M171,7,2Q5RTL2
DELLP2217H,TRENDS,CN-0J8KCX-QDC00-7CM-52PL-A02,OSS-M159,7,60GRTL2
DELLP2217H,TRENDS,CN-0J8KCX-QDC00-7CM-54EL-A02,OSS-M166,7,73GRTL2
DELLP2217H,TRENDS,CN-078DVT-QDC00-923-098U-A03,OSS-M163,5,179PYS2
DELLP2217H,TRENDS,CN-078DVT-QDC00-923-09PU-A03,OSS-M170,5,2V9PYS2
DELLP2217H,TRENDS,CN-0J8KCX-QDC00-7CM-28HL-A02,OSS-M172,7,BQ5RTL2
DELLP2217H,TRENDS,CN-0J8KCX-QDC00-7CM-2YYL-A02,OSS-M173,7,BX6RTL2
DELLP2217H,TRENDS,CN-0J8KCX-QDC00-7CM-27VL-A02,OSS-M188,7,7P5RTL2
DELLP2217H,TRENDS,CN-0J8KCX-QDC00-7CM-28YL-A02,OSS-M191,7,6R5RTL2
DELLP2217H,TRENDS,CN-0J8KCX-QDC00-7CM-27UL-A02,OSS-M193,7,6P5RTL2
DellP2219H,TRENDS,CN-078DVT-QDC00-91Q-7ANB-A03,OSS-M194,5,J1BKYS2
DELLP2217H,TRENDS,CN-0J8KCX-QDC00-7CM-28UL-A02,OSS-M190,7,3R5RTL2
DELLP2217H,TRENDS,CN-0J8KCX-QDC00-7CM-533L-A02,OSS-M192,7,J0GRTL2
DELLP2219H,TRENDS,CN-078DVT-QDC00-91Q-7AEB-A03,OSS-M195,5,JZ9KYS2
DELLP2219H,TRENDS,CN-078DVT-QDC00-91Q-92DB-A03,OSS-M199,5,2MDKYS2
DELLP2217H,TRENDS,CN-0J8KCX-QDC00-7CM-52KL-A02,OSS-M196,7,20GRTL2
DELLP2217H,TRENDS,CN-0J8KCX-QDC00-7CM-54ML-A02,OSS-M214,7,G3GRTL2
DELLP2217H,TRENDS,CN-0J8KCX-QDC00-7CM-297L-A02,OSS-M215,7,JP5RTL2
DELLP2219H,TRENDS,CN-078DVT-QDC00-97N-1CTB-A05,OSS-M455,5,HGLH7W2
DELLP2217H,TRENDS,CN-0MKR1M-QDC00-86Q-3VCL-A07,OSS-M219,6,BW3PGN2
DELLP2219H,TRENDS,CN-078DVT-QDC00-91Q-7DAB-A03,OSS-M230,5,44BKYS2
DELLP2219H,TRENDS,CN-078DVT-QDC00-97N-1CUB-A05,OSS-M484,5,JZKH7W2
DELLP2219H,TRENDS,CN-078DVT-QDC00-97N-1D4B-A05,OSS-M467,5,9YKH7W2
DELLP2219H,TRENDS,CN-078DVT-QDC00-97N-1AUB-A05,OSS-M468,5,1NLH7W2
DELLP2219H,TRENDS,CN-078DVT-QDC00-91Q-7ATB-A03,OSS-M200,5,22BKYS2
DELLP2219H,TRENDS,CN-078DVT-QDC00-91Q-7C2B-A03,OSS-M217,5,D1BKYS2
DELLP2219H,TRENDS,CN-078DVT-QDC00-97N-1C9B-A05,OSS-M475,5,4XKH7W2
DELLP2219H,TRENDS,CN-078DVT-QDC00-97N-1CDB-A05,OSS-M479,5,DBLH7W2
DELLP2219H,TRENDS,CN-0MCX4J-QDC00-917-66AB-A05,OSS-M231,5,CMV4YS2
DELLP2219H,TRENDS,CN-078DVT-QDC00-88E-14ML-A00,OSS-M211,6,9R3MPP2
DELLP2219H,TRENDS,CN-078DVT-QDC00-97N-1CMB-A05,OSS-M523,5,88LH7W2
DELLP2219H,TRENDS,CN-078DVT-QDC00-97N-1C4B-A05,OSS-M201,5,G5LH7W2
DELLP2219H,TRENDS,CN-078DVT-QDC00-91Q-7CMB-A03,OSS-M098,5,10BKYS2
DELLP2219H,TRENDS,CN-078DVT-QDC00-88E-15GL-A00,OSS-M130,5,1T3MPP2
DELLP2219H,TRENDS,CN-078DVT-QDC00-98M-3LHB-A05,OSS-M449,5,631Y7W2
DELLP2219H,TRENDS,CN-078DVT-QDC00-97N-1DMB-A05,OSS-M459,5,FFLH7W2
DELLP2219H,TRENDS,CN-078DVT-QDC00-97N-1C2B-A05,OSS-M448,5,28LH7W2
DELLP2219H,TRENDS,CN-078DVT-QDC00-98M-3KYB-A05,OSS-M463,5,2W0Y7W2
DELLP2219H,TRENDS,CN-078DVT-QDC00-923-09GU-A03,OSS-M099,6,DB8PYS2
DELLP2219H,TRENDS,CN-078DVT-QDC00-923-09MU-A03,OSS-M120,6,878PYS2
DELLP2219H,TRENDS,CN-078DVT-QDC00-923-0ALU-A03,OSS-M102,6,2X9PYS2
DELLP2219H,TRENDS,CN-078DVT-QDC00-923-0ATU-A03,OSS-M100,6,D88PYS2
DELLP2219H,TRENDS,CN-078DVT-QDC00-923-09VU-A03,OSS-M121,6,198PYS2
DELLP2219H,TRENDS,CN-078DVT-QDC00-97N-1DPB-A05,OSS-M450,5,5XKH7W2
DELLP2219H,TRENDS,CN-078DVT-QDC00-97N-1EAB-A05,OSS-M485,5,8XKH7W2
DELLP2219H,TRENDS,CN-078DVT-QDC00-923-0APU-A03,OSS-M103,5,H68PYS2
DELLP2219H,TRENDS,CN-078DVT-QDC00-923-09LU-A03,OSS-M123,5,DW7PYS2
DELLP2219H,TRENDS,CN-078DVT-QDC00-98M-3L0B-A05,OSS-M462,5,DV1Y7W2
DELLP2219H,TRENDS,CN-078DVT-QDC00-97N-1CYB-A05,OSS-M477,5,HRLH7W2
DELLP2219H,TRENDS,CN-078DVT-QDC00-97N-1E5B-A05,OSS-M489,5,7JLH7W2
DELLP2219H,TRENDS,CN-078DVT-QDC00-972-2D3L-A04,OSS-M393,5,4SR57W2
DELLP2219H,TRENDS,CN-078DVT-QDC00-972-2E9L-A04,OSS-M425,5,GFQ57W2
DELLP2219H,TRENDS,CN-078DVT-QDC00-923-09CU-A03,OSS-M104,5,6B9PYS2
DELLP2219H,TRENDS,CN-02KMMT-QDC00-05P-21NL-A09,OSS-M635,4,39JD443
DELLP2219H,TRENDS,CN-02KMMT-QDC00-04O-7VWL-A09,OSS-M640,4,4CTDV23
DELLP2219H,TRENDS,CN-02KMMT-QDC00-05P-22LL-A09,OSS-M691,4,GBHD443
DELLP2219H,TRENDS,CN-02KMMT-QDC00-04O-7W0L-A09,OSS-M712,4,21TDV23
DELLP2217H,TRENDS,CN-0J8KCX-QDC00-7CM-280L-A02,OSS-M134,7,BP5RTL2
DELLP2217H,TRENDS,CN-0J8KCX-QDC00-7CM-296L-A02,OSS-M132,7,FR5RTL2
DELLP2217H,TRENDS,CN-0J8KCX-QDC00-7CM-52VL-A02,OSS-M133,7,B0GRTL2
DELLP2217H,TRENDS,CN-0J8KCX-QDC00-7CM-28FL-A02,OSS-M137,7,8Q5RTL2
DELLP2217H,TRENDS,CN-0J8KCX-QDC00-7CM-290L-A02,OSS-M131,7,7R5RTL2
DELLP2217H,TRENDS,CN-0J8KCX-QDC00-7CM-29CL-A02,OSS-M135,7,2S5RTL2
DELLP2217H,TRENDS,CN-0J8KCX-QDC00-7CM-543L-A02,OSS-M204,7,F2GRTL2
DELLP2219H,TRENDS,CN-02KMMT-QDC00-04O-7VUL-A09,OSS-M706,4,JMTDV23
DELLP2219H,TRENDS,CN-078DVT-QDC00-91Q-7AYB-A03,OSS-M198,5,9Z9KYS2
DELLP2219H,TRENDS,CN-078DVT-QDC00-91Q-7C0B-A03,OSS-M197,5,G1BKYS2
DELLP2219H,TRENDS,CN-078DVT-QDC00-91Q-7A7B-A03,OSS-M387,5,51BKYS2
DELLP2219H,TRENDS,CN-078DVT-QDC00-9AF-6R9B-A06,OSS-M580,5,43LS8W2
DELLP2217H,TRENDS,CN-0J8KCX-QDC00-7CM-29EL-A02,OSS-M308,7,4S5RTL2
DELLP2219H,TRENDS,CN-078DVT-QDC00-97N-1CEB-A05,OSS-M492,5,HTLH7W2
DELLP2219H,TRENDS,CN-078DVT-QDC00-98M-3L5B-A05,OSS-M504,5,121Y7W2
DELLP2219H,TRENDS,CN-078DVT-QDC00-97N-1C6B-A05,OSS-M505,5,GLLH7W2
DELLP2219H,TRENDS,CN-078DVT-QDC00-97N-1CFB-A05,OSS-M507,5,8KLH7W2
DELLP2219H,TRENDS,CN-078DVT-QDC00-97N-1DFB-A05,OSS-M513,5,H4LH7W2
DELLP2219H,TRENDS,CN-078DVT-QDC00-98M-3KVB-A05,OSS-M518,5,2F1Y7W2
DELLP2219H,TRENDS,CN-078DVT-QDC00-98M-3LFB-A05,OSS-M519,5,5Y0Y7W2
DELLP2219H,TRENDS,CN-078DVT-QDC00-97N-1D7B-A05,OSS-M526,5,GCLH7W2
DELLP2219H,TRENDS,CN-078DVT-QDC00-97N-1DDB-A05,OSS-M527,5,89LH7W2
DELLP2219H,TRENDS,CN-078DVT-QDC00-97N-1DGB-A05,OSS-M528,5,J0LH7W2
DELLP2219H,TRENDS,CN-078DVT-QDC00-97N-1ALB-A05,OSS-M534,5,3SLH7W2
DELLP2219H,TRENDS,CN-078DVT-QDC00-97N-1ATB-A05,OSS-M535,5,JQLH7W2
DELLP2217H,TRENDS,CN-0J8KCX-QDC00-7CM-54CL-A02,OSS-M237,7,53GRTL2
DELLP2217H,TRENDS,CN-0J8KCX-QDC00-7CM-535L-A02,OSS-M278,7,21GRTL2
DELLP2217H,TRENDS,CN-0J8KCX-QDC00-7CM-53NL-A02,OSS-M238,7,22GRTL2
DELLP2217H,TRENDS,CN-0J8KCX-QDC00-7CM-272L-A02,OSS-M282,7,HM5RTL2
DELLP2217H,TRENDS,CN-0J8KCX-QDC00-7CM-28WL-A02,OSS-M239,7,5R5RTL2
DELLP2217H,TRENDS,CN-0J8KCX-QDC00-7CM-292L-A02,OSS-M293,7,9R5RTL2
DELLP2217H,TRENDS,CN-0J8KCX-QDC00-7CM-54RL-A02,OSS-M277,7,14GRTL2
DELLP2217H,TRENDS,CN-0J8KCX-QDC00-7CM-299L-A02,OSS-M180,7,JR5RTL2
DELLP2219H,TRENDS,CN-078DVT-QDC00-923-09UU-A03,OSS-M244,5,CMBPYS2
DELLP2219H,TRENDS,CN-078DVT-QDC00-923-09AU-A03,OSS-M297,5,2Y9PYS2
DELLP2219H,TRENDS,CN-078DVT-QDC00-923-0A5U-A03,OSS-M242,5,9S8PYS2
DELLP2219H,TRENDS,CN-078DVT-QDC00-923-09RU-A03,OSS-M296,5,7R9PYS2
DELLP2219H,TRENDS,CN-078DVT-QDC00-91Q-7ADB-A03,OSS-M236,5,D3BKYS2
DELLP2219H,TRENDS,CN-078DVT-QDC00-91Q-7APB-A03,OSS-M280,5,F2BKYS2
DELLP2219H,TRENDS,CN-078DVT-QDC00-923-0A2U-A03,OSS-M241,5,488PYS2
DELLP2219H,TRENDS,CN-078DVT-QDC00-923-0A6U-A03,OSS-M295,5,DG8PYS2
DELLP2219H,TRENDS,CN-078DVT-QDC00-972-2DEL-A04,OSS-M403,5,7NS57W2
DELLP2219H,TRENDS,CN-078DVT-QDC00-972-2DRL-A04,OSS-M433,5,9SR57W2
DELLP2219H,TRENDS,CN-078DVT-QDC00-972-2D0L-A04,OSS-M399,5,7TQ57W2
DELLP2219H,TRENDS,CN-078DVT-QDC00-97N-1K7B-A05,OSS-M429,5,BCLH7W2
DELLP2219H,TRENDS,CN-078DVT-QDC00-972-2D8L-A04,OSS-M408,5,3DS57W2
DELLP2219H,TRENDS,CN-078DVT-QDC00-91Q-7D5B-A03,OSS-M232,5,73BKYS2
DELLP2219H,TRENDS,CN-078DVT-QDC00-964-4ARU-A03,OSS-M310,5,7HTR6W2
DELLP2219H,TRENDS,CN-078DVT-QDC00-972-2CAL-A04,OSS-M397,5,1CR57W2
DELLP2219H,TRENDS,CN-078DVT-QDC00-972-2DFL-A04,OSS-M410,5,34R57W2
DELLP2219H,TRENDS,CN-078DVT-QDC00-972-2CWL-A04,OSS-M405,5,JNQ57W2
DELLP2219H,TRENDS,CN-078DVT-QDC00-972-2DHL-A04,OSS-M421,5,HLS57W2
DELLP2219H,TRENDS,CN-078DVT-QDC00-923-0A8U-A03,OSS-M240,5,5Z7PYS2
DELLP2219H,TRENDS,CN-078DVT-QDC00-923-0A3U-A03,OSS-M294,5,388PYS2
DELLP2219H,TRENDS,CN-078DVT-QDC00-91Q-7CDB-A03,OSS-M210,5,G0BKYS2
DELLP2219H,TRENDS,CN-078DVT-QDC00-98M-3LJB-A05,OSS-M482,5,HF1Y7W2
DELLP2219H,TRENDS,CN-078DVT-QDC00-97N-1DCB-A05,OSS-M460,5,BLLH7W2
DELLP2219H,TRENDS,CN-078DVT-QDC00-97N-1DAB-A05,OSS-M478,5,J4LH7W2
DELLP2217H,TRENDS,CN-0J8KCX-QDC00-7CM-28JL-A02,OSS-M202,7,CQ5RTL2
DELLP2217H,TRENDS,CN-0J8KCX-QDC00-7CM-28GL-A02,OSS-M203,7,9Q5RTL2
DELLP2217H,TRENDS,CN-0J8KCX-QDC00-7CM-29FL-A02,OSS-M714,7,5S5RTL2
DELLP2219H,TRENDS,CN-078DVT-QDC00-91Q-7A6B-A03,OSS-M309,5,J3BKYS2
DELLP2219H,TRENDS,CN-078DVT-QDC00-91Q-7CGB-A03,OSS-M379,5,74BKYS2
DELLP2219H,TRENDS,CN-078DVT-QDC00-91Q-8PAB-A03,OSS-M257,5,BBCKYS2
DELLP2219H,TRENDS,CN-078DVT-QDC00-91Q-7C7B-A03,OSS-M300,5,70BKYS2
DELLP2219H,TRENDS,CN-078DVT-QDC00-91Q-7C3B-A03,OSS-M255,5,J0BKYS2
DELLP2219H,TRENDS,CN-078DVT-QDC00-91Q-7CNB-A03,OSS-M298,5,C2BKYS2
DELLP2219H,TRENDS,CN-078DVT-QDC00-91Q-7CVB-A03,OSS-M299,5,D0BKYS2
DELLP2219H,TRENDS,CN-078DVT-QDC00-91Q-7M1B-A03,OSS-M259,5,HQCKYS2
DELLP2219H,TRENDS,CN-078DVT-QDC00-91Q-7D9B-A03,OSS-M302,5,CZ9KYS2
DELLP2219H,TRENDS,CN-078DVT-QDC00-91Q-7AHB-A03,OSS-M260,5,93BKYS2
DELLP2219H,TRENDS,CN-078DVT-QDC00-91Q-7ALB-A03,OSS-M261,5,60BKYS2
DELLP2219H,TRENDS,CN-078DVT-QDC00-91Q-7CFB-A03,OSS-M304,5,53BKYS2
DELLP2219H,TRENDS,CN-078DVT-QDC00-91Q-7A4B-A03,OSS-M262,5,D2BKYS2
DELLP2219H,TRENDS,CN-078DVT-QDC00-98M-3KJB-A05,OSS-M470,5,811Y7W2
DELLP2219H,TRENDS,CN-078DVT-QDC00-923-09WU-A03,OSS-M089,5,JT7PYS2
DELLP2219H,TRENDS,CN-078DVT-QDC00-923-09JU-A03,OSS-M090,5,959PYS2
DELLP2219H,TRENDS,CN-78DVT-QDC00-923-09NU-A03,OSS-M094,5,JL8PYS2
DELLP2219H,TRENDS,CN-078DVT-QDC00-923-0ARU-A03,OSS-M091,5,5T7PYS2
DELLP2219H,TRENDS,CN-078DVT-QDC00-923-09HU-A03,OSS-M095,5,5W8PYS2
DELLP2219H,TRENDS,CN-078DVT-QDC00-923-09TU-A03,OSS-M092,5,D79PYS2
DELLP2219H,TRENDS,CN-078DVT-QDC00-923-099U-A03,OSS-M096,5,C3BPYS2
DELLP2219H,TRENDS,CN-078DVT-QDC00-923-0A7U-A03,OSS-M093,5,3T8PYS2
DELLP2217H,TRENDS,CN-0J8KCX-QDC00-7CM-286L-A02,OSS-M311,6,JP5RTL2
DELLP2219H,TRENDS,CN-078DVT-QDC00-91Q-7C1B-A03,OSS-M228,5,B0BKYS2
DELLP2219H,TRENDS,CN-078DVT-QDC00-91Q-7DHB-A03,OSS-M320,5,FQDKYS2
DELLP2217H,TRENDS,CN-0J8KCX-QDC00-7CM-548L-A02,OSS-M319,7,23GRTL2
DELLP2217H,TRENDS,CN-0J8KCX-QDC00-7CM-28ML-A02,OSS-M329,7,GQ5RTL2
DELLP2217H,TRENDS,CN-0J8KCX-QDC00-7CM-545L-A02,OSS-M318,7,H2GRTL2
DELLP2217H,TRENDS,CN-0J8KCX-QDC00-7CM-28CL-A02,OSS-M328,6,5Q5RTL2
DELLP2217H,TRENDS,CN-078DVT-QDC00-91Q-79RB-A03,OSS-M312,5,54BKYS2
DELLP2217H,TRENDS,CN-078DVT-QDC00-91Q-7CRB-A03,OSS-M322,5,H2BKYS2
DELLP2217H,TRENDS,CN-0J8KCX-QDC00-7CM-54JL-A02,OSS-M317,7,C3GRTL2
DELLP2217H,TRENDS,CN-0J8KCX-QDC00-7CM-54NL-A02,OSS-M327,7,H3GRTL2
DELLP2219H,TRENDS,CN-078DVT-QDC00-91Q-7CCB-A03,OSS-M227,5,12BKYS2
DELLP2217H,TRENDS,CN-0J8KCX-QDC00-7CM-2A1L-A02,OSS-M334,7,5T5RTL2
DELLP2217H,TRENDS,CN-0J8KCX-QDC00-7CM-54KL-A02,OSS-M316,7,D3GRTL2
DELLP2219H,TRENDS,CN-078DVT-QDC00-98M-3KHB-A05,OSS-M440,5,7W0Y7W2
DELLP2217H,TRENDS,CN-0J8KCX-QDC00-7CM-298L-A02,OSS-M315,7,HR5RTL2
DELLP2217H,TRENDS,CN-0J8KCX-QDC00-7CM-53TL-A02,OSS-M325,7,52GRTL2
DELLP2219H,TRENDS,CN-078DVT-QDC00-91Q-7D6B-A03,OSS-M331,5,B3BKYS2
DELLP2217H,TRENDS,CN-0J8KCX-QDC00-7CM-283L-A02,OSS-M314,7,FP5RTL2
DELLP2217H,TRENDS,CN-0J8KCX-QDC00-7CM-2WGL-A02,OSS-M324,7,JT6RTL2
DELLP2219H,TRENDS,CN-0J8KCX-QDC00-7CM-52TL-A02,OSS-M321,7,80GRTL2
DELLP2219H,TRENDS,CN-078DVT-QDC00-91Q-93DB-A03,OSS-M313,5,J7BKYS2
DELLP2219H,TRENDS,CN-078DVT-QDC00-91Q-7C5B-A03,OSS-M323,5,21BKYS2
DELLP2219H,TRENDS,CN-078DVT-QDC00-97N-1C8B-A05,OSS-M491,5,9RLH7W2
DELLP2219H,TRENDS,CN-078DVT-QDC00-91Q-7CEB-A03,OSS-M336,5,50BKYS2
DELLP2219H,TRENDS,CN-078DVT-QDC00-91Q-7AJB-A03,OSS-M226,5,92BKYS2
DELLP2219H,TRENDS,CN-078DVT-QDC00-91Q-94AB-A03,OSS-M335,5,JRDKYS2
DELLP2217H,TRENDS,CN-0J8KCX-QDC00-7CM-28VL-A02,OSS-M360,7,4R5RTL2
DELLP2219H,TRENDS,CN-078DVT-QDC00-9AF-6PDB-A06,OSS-M577,5,92MS8W2
DELLP2219H,TRENDS,CN-078DVT-QDC00-97N-1CKB-A05,OSS-M493,5,B4LH7W2
DELLP2219H,TRENDS,CN-078DVT-QDC00-97N-1CNB-A05,OSS-M494,5,57LH7W2
DELLP2219H,TRENDS,CN-078DVT-QDC00-97N-1CWB-A05,OSS-M495,5,G1LH7W2
DELLP2219H,TRENDS,CN-078DVT-QDC00-97N-1DEB-A05,OSS-M498,5,FSLH7W2
DELLP2219H,TRENDS,CN-078DVT-QDC00-97N-1E9B-A05,OSS-M502,5,GDLH7W2
DELLP2219H,TRENDS,CN-078DVT-QDC00-97N-1D9B-A05,OSS-M512,5,6DLH7W2
DELLP2219H,TRENDS,CN-078DVT-QDC00-97N-1DNB-A05,OSS-M515,5,9TLH7W2
DELLP2219H,TRENDS,CN-078DVT-QDC00-97N-1E2B-A05,OSS-M516,5,F3LH7W2
DELLP2219H,TRENDS,CN-078DVT-QDC00-97N-1NAB-A05,OSS-M517,5,DFLH7W2
DELLP2217H,TRENDS,CN-078DVT-QDC00-97N-1CVB-A05,OSS-M524,5,C2LH7W2
DELLP2219H,TRENDS,CN-078DVT-QDC00-98M-3L4B-A05,OSS-M533,5,BT1Y7W2
DELLP2219H,TRENDS,CN-078DVT-QDC00-97N-1C3B-A05,OSS-M537,5,CZKH7W2
DELLP2219H,TRENDS,CN-078DVT-QDC00-91Q-7ARB-A03,OSS-M381,5,G3BKYS2
DELLP2219H,TRENDS,CN-078DVT-QDC00-98M-3M2B-A05,OSS-M458,5,F12Y7W2
DELLP2219H,TRENDS,CN-078DVT-QDC00-97N-1AVB-A05,OSS-M471,5,6CLH7W2
DELLP2219H,TRENDS,CN-078DVT-QDC00-98H-67RB-A05,OSS-M532,5,BCYV7W2
DELLP2219H,TRENDS,CN-078DVT-QDC00-97N-1D2B-A05,OSS-M481,5,JJLH7W2
DELLP2219H,TRENDS,CN-078DVT-QDC00-97N-1DYB-A05,OSS-M464,5,HHLH7W2
DELLP2219H,TRENDS,CN-078DVT-QDC00-972-2FAL-A04,OSS-M428,5,5GQ57W2
DELLP2219H,TRENDS,CN-078DVT-QDC00-972-2ERL-A04,OSS-M436,5,2MR57W2
DELLP2219H,TRENDS,CN-078DVT-QDC00-91Q-7DCB-A03,OSS-M034,5,43BKYS2
DELLP2219H,TRENDS,CN-078DVT-QDC00-923-09DU-A03,OSS-M010,6,J98PYS2
DELLP2219H,TRENDS,CN-078DVT-QDC00-923-09YU-A03,OSS-M043,5,J18PYS2
DELLP2219H,TRENDS,CN-078DVT-QDC00-923-0A9U-A03,OSS-M009,5,FFBPYS2
DELLP2219H,TRENDS,CN-078DVT-QDC00-923-0A0U-A03,OSS-M042,5,82BPYS2
DELLP2219H,TRENDS,CN-078DVT-QDC00-972-2DAL-A04,OSS-M402,5,FWP57W2
DELLP2219H,TRENDS,CN-078DVT-QDC00-972-2DPL-A04,OSS-M423,5,20Q57W2
DELLP2219H,TRENDS,CN-078DVT-QDC00-972-2D6L-A04,OSS-M394,5,8HS57W2
DELLP2219H,TRENDS,CN-078DVT-QDC00-972-2DTL-A04,OSS-M414,5,G4R57W2
DELLP2219H,TRENDS,CN-078DVT-QDC00-972-2DGL-A04,OSS-M411,5,GGR57W2
DELLP2219H,TRENDS,CN-078DVT-QDC00-972-2E8L-A04,OSS-M415,5,3FR57W2
DELLP2219H,TRENDS,CN-078DVT-QDC00-972-2EDL-A04,OSS-M426,5,FXQ57W2
DELLP2219H,TRENDS,CN-078DVT-QDC00-97N-1KEB-A05,OSS-M439,5,69LH7W2
DELLP2219H,TRENDS,CN-078DVT-QDC00-972-2CVL-A04,OSS-M398,5,11Q57W2
DELLP2219H,TRENDS,CN-078DVT-QDC00-97N-1AMB-A05,OSS-M469,5,5VLH7W2
DELLP2219H,TRENDS,CN-078DVT-QDC00-97N-1CJB-A05,OSS-M474,5,GTLH7W2
DELLP2219H,TRENDS,CN-078DVT-QDC00-972-2DDL-A04,OSS-M396,5,88R57W2
DELLP2219H,TRENDS,CN-078DVT-QDC00-972-2D2L-A04,OSS-M406,5,1KR57W2
DELLP2219H,TRENDS,CN-078DVT-QDC00-972-2DLL-A04,OSS-M422,5,5GS57W2
DELLP2219H,TRENDS,CN-078DVT-QDC00-972-2E4L-A04,OSS-M437,5,59R57W2
DELLP2217H,TRENDS,CN-0J8KCX-QDC00-7CM-28TL-A02,OSS-M007,7,2R5RTL2
DELLP2219H,TRENDS,CN-078DVT-QDC00-972-2D9L-A04,OSS-M395,5,H2R57W2
DELLP2219H,TRENDS,CN-078DVT-QDC00-97N-1KPB-A04,OSS-M420,5,7NLH7W2
DELLP2219H,TRENDS,CN-078DVT-QDC00-972-2EFL-A04,OSS-M417,5,6KS57W2
DELLP2219H,TRENDS,CN-078DVT-QDC00-972-2DJL-A04,OSS-M431,5,66Q57W2
DELLP2217H,TRENDS,CN-0J8KCX-QDC00-7CM-53ML-A02,OSS-M337,7,12GRTL2
DELLP2217H,TRENDS,CN-0J8KCX-QDC00-7CM-295L-A02,OSS-M372,7,DR5RTL2
DELLP2219H,TRENDS,CN-0MCX4J-QDC00-917-65DB-A05,OSS-M101,6,JKV4YS2
DELLP2219H,TRENDS,CN-078DVT-QDC00-91Q-941B-A03,OSS-M301,5,5HDKYS2
DELLP2217H,TRENDS,CN-0J8KCX-QDC00-7CM-27PL-A02,OSS-M059,7,3P5RTL2
DELLP2219H,TRENDS,CN-02KMMT-QDC00-05P-22DL-A09,OSS-M626,4,1VJD443
DELLP2219H,TRENDS,CN-02KMMT-QDC00-05P-21EL-A09,OSS-M633,4,32JD443
DELLP2219H,TRENDS,CN-92KMMT-QDC00-04O-7VYL-A09,OSS-M634,4,38SDV23
DELLP2219H,TRENDS,CN-02KMMT-QDC00-05P-22SL-A09,OSS-M641,4,4FHD443
DELLP2219H,TRENDS,CN-02KMMT-QDC00-04O-7VTL-A09,OSS-M647,4,5SVD23
DELLP2219H,TRENDS,CN-02KMMT-QDC00-05P-21WL-A09,OSS-M654,4,6TGD443
DELLP2219H,TRENDS,CN-02KMMT-QDC00-05C-69QB-A09,OSS-M661,4,8F7RV23
DELLP2219H,TRENDS,CN-02KMMT-QDC00-05P-212L-A09,OSS-M662,4,8KJD443
DELLP2219H,TRENDS,CN-02KMMT-QDC00-05P-20TL-A09,OSS-M666,4,9JKD443
DELLP2219H,TRENDS,CN-02KMMT-QDC00-04O-7W9L-A09,OSS-M667,2,9NSDV23
DELLP2219H,TRENDS,CN-02KMMT-QDC00-05P-21AL-A09,OSS-M674,4,BKHD443
DELLP2219H,TRENDS,CN-02KMMT-QDC00-05P-20SL-A09,OSS-M676,4,BTGD443
DELLP2219H,TRENDS,CN-02KMMT-QDC00-05P-22NL-A09,OSS-M679,4,CVGD443
DELLP2219H,TRENDS,CN-02KMMT-QDC00-04O-7W1L-A09,OSS-M680,4,CZSDV23
DELLP2219H,TRENDS,CN-02KMMT-QDC00-04O-7W8L-A09,OSS-M684,4,DFTDV23
DELLP2219H,TRENDS,CN-02KMMT-QDC00-05P-22CL-A09,OSS-M686,4,F3KD443
DELLP2219H,TRENDS,CN-02KMMT-QDC00-05P-1YPL-A09,OSS-M687,4,FSGD443
DELLP2219H,TRENDS,CN-02KMMT-QDC00-05P-22AL-A09,OSS-M688,4,G1HD443
DELLP2219H,TRENDS,CN-02KMMT-QDC00-05P-21ZL-A09,OSS-M693,4,GNHD443
DELLP2219H,TRENDS,CN-02KMMT-QDC00-05P-22KL-A09,OSS-M694,4,GNJD443
DELLP2219H,TRENDS,CN-02KMMT-QDC00-05P-217L-A09,OSS-M710,4,1QHD443
DELLP2219H,TRENDS,CN-02KMMT-QDC00-05P-21PL-A09,OSS-M711,4,1YJD443
DELLP2219H,TRENDS,CN-078DVT-QDC00-98M-3LKB-A05,OSS-M441,5,G81Y7W2
DELLP2219H,TRENDS,CN-078DVT-QDC00-91Q-7CAB-A03,OSS-M384,5,71BKYS2
DELLP2219H,TRENDS,CN-078DVT-QDC00-91Q-7CTB-A03,OSS-M385,5,52BKYS2
DELLP2219H,TRENDS,CN-078DVT-QDC00-91Q-7ACB-A03,OSS-M339,5,62BKYS2
DELLP2219H,TRENDS,CN-078DVT-QDC00-91Q-7AFB-A03,OSS-M342,5,32BKYS2
DELLP2219H,TRENDS,CN-078DVT-QDC00-91Q-7D2B-A03,OSS-M348,5,31BKYS2
DELLP2219H,TRENDS,CN-078DVT-QDC00-91Q-7D0B-A03,OSS-M343,5,F1BKYS2
DELLP2219H,TRENDS,CN-078DVT-QDC00-91Q-7CLB-A03,OSS-M349,5,64BKYS2
DELLP2219H,TRENDS,CN-078DVT-QDC00-91Q-7A9B-A03,OSS-M340,5,J2BKYS2
DELLP2219H,TRENDS,CN-078DVT-QDC00-91Q-7AAB-A03,OSS-M341,5,23BKYS2
DELLP2219H,TRENDS,CN-078DVT-QDC00-91Q-7AUB-A03,OSS-M347,5,13BKYS2
DELLP2219H,TRENDS,CN-078DVT-QDC00-91Q-7A8B-A03,OSS-M388,5,F0BKYS2
DELLP2219H,TRENDS,CN-078DVT-QDC00-91Q-7C8B-A03,OSS-M338,5,20BKYS2
DELLP2219H,TRENDS,CN-078DVT-QDC00-9A3-66JB-A06,OSS-M745,5,950S8W2
DELLP2219H,TRENDS,CN-078DVT-QDC00-972-2CYL-A04,OSS-M392,5,4QR57W2
DELLP2219H,TRENDS,CN-078DVT-QDC00-972-2D5L-A04,OSS-M407,5,DBR57W2
DELLP2219H,TRENDS,CN-078DVT-QDC00-98M-3KRB-A05,OSS-M451,5,JY0Y7W2
DELLP2219H,TRENDS,CN-078DVT-QDC00-97N-1CPB-A05,OSS-M480,5,J1LH7W2
DELLP2219H,TRENDS,CN-078DVT-QDC00-97N-1E1B-A05,OSS-M454,5,2FLH7W2
DELLP2219H,TRENDS,CN-078DVT-QDC00-98M-3KKB-A05,OSS-M465,5,1V1Y7W2
DELLP2217H,TRENDS,CN-0J8KCX-QDC00-7CM-534L-A02,OSS-M068,7,11GRTL2
DELLP2217H,TRENDS,CN-0J8KCX-QDC00-7CM-27WL-A02,OSS-M069,7,8P5RTL2
DELLP2219H,TRENDS,CN-078DVT-QDC00-98M-3LGB-A05,OSS-M456,5,J51Y7W2
DELLP2219H,TRENDS,CN-078DVT-QDC00-923-0ANU-A03,OSS-M124,5,CV8PYS2
DELLP2217H,TRENDS,CN-0J8KCX-QDC00-7CM-27ML-A02,OSS-M088,7,1P5RTL2
DELLP2219H,TRENDS,CN-078DVT-QDC00-91Q-79YB-A03,OSS-M213,5,FZ9KYS2
DELLP2219H,TRENDS,CN-078DVT-QDC00-972-2EHL-A04,OSS-M427,5,H1S57W2
DELLP2219H,TRENDS,CN-078DVT-QDC00-923-0AUU-A03,OSS-M085,5,6Y9PYS2
DELLP2219H,TRENDS,CN-0J8KCX-QDC00-7CM-52FL-A02,OSS-M205,7,GZFRTL2
DELLP2219H,TRENDS,CN-0J8KCX-QDC00-7CM-52EL-A02,OSS-M206,7,FZFRTL2
DELLP2217H,TRENDS,CN-0J8KCX-QDC00-7CM-53YL-A02,OSS-M541,7,92GRTL2
DELLP2219H,TRENDS,CN-078DVT-QDC00-91Q-7A3B-A03,OSS-M258,5,72BKYS2
DELLP2219H,TRENDS,CN-078DVT-QDC00-96P-44FU-A03,OSS-M380,5,FDH47W2
DELLP2219H,TRENDS,CN-078DVT-QDC00-972-2EAL-A04,OSS-M434,5,BSQ57W2
DELLP2219H,TRENDS,CN-078DVT-QDC00-923-08TU-A03,OSS-M083,5,5DBPYS2
DELLP2219H,TRENDS,CN-078DVT-QDC00-923-08WU-A03,OSS-M086,5,DMBPYS2
DELLP2219H,TRENDS,CN-078DVT-QDC00-923-0A4U-A03,OSS-M082,5,BGBPYS2
DELLP2219H,TRENDS,CN-078DVT-QDC00-972-2CTL-A04,OSS-M404,5,CMQ57W2
DELLP2219H,TRENDS,CN-078DVT-QDC00-97N-1DHB-A05,OSS-M499,5,2LLH7W2
DELLP2219H,TRENDS,CN-078DVT-QDC00-972-2EWL-A04,OSS-M418,5,96S57W2
DELLP2219H,TRENDS,CN-078DVT-QDC00-972-2DUL-A04,OSS-M424,5,78Q57W2
DELLP2219H,TRENDS,CN-078DVT-QDC00-923-0AMU-A03,OSS-M084,5,8L9PYS2
DELLP2219H,TRENDS,CN-078DVT-QDC00-923-0AVU-A03,OSS-M087,5,7LBPYS2
DELLP2219H,TRENDS,CN-02KMMT-QDC00-05P-224L-A09,OSS-M705,4,J9JD443
DELLP2219H,TRENDS,CN-078DVT-QDC00-972-2CUL-A04,OSS-M391,5,DYQ57W2
DELLP2219H,TRENDS,CN-078DVT-QDC00-972-2D4L-A04,OSS-M400,5,JPQ57W2
DELLP2219H,TRENDS,CN-078DVT-QDC00-972-2DCL-A04,OSS-M409,5,9RP57W2
DELLP2219H,TRENDS,CN-078DVT-QDC00-972-2DKL-A04,OSS-M412,5,BJQ57W2
DELLP2219H,TRENDS,CN-078DVT-QDC00-972-2DNL-A04,OSS-M413,5,HXQ57W2
DELLP2219H,TRENDS,CN-078DVT-QDC00-972-2ECL-A04,OSS-M416,5,GPQ57W2
DELLP2219H,TRENDS,CN-078DVT-QDC00-98M-3AMB-A04,OSS-M430,5,9X0Y7W2
DELLP2219H,TRENDS,CN-078DVT-QDC00-97N-1JWB-A05,OSS-M438,5,1PLH7W2
DELLP2219H,TRENDS,CN-078DVT-QDC00-97N-1C5B-A05,OSS-M490,5,4MLH7W2
DELLP2219H,TRENDS,CN-078DVT-QDC00-97N-1CAB-A05,OSS-M506,5,CD1Y7W2
DELLP2219H,TRENDS,CN-078DVT-QDC00-97N-1D1B-A05,OSS-M510,5,51LH7W2
DELLP2219H,TRENDS,CN-078DVT-QDC00-97N-1DKB-A05,OSS-M529,5,94LH7W2
DELLP2219H,TRENDS,CN-078DVT-QDC00-97N-1DWB-A05,OSS-M530,5,5YKH7W2
DELLP2219H,TRENDS,CN-078DVT-QDC00-97N-1C1B-A05,OSS-M536,5,BJLH7W2
DELLP2219H,TRENDS,CN-078DVT-QDC00-923-07QB-A03,OSS-M386,5,
DELLP2219H,TRENDS,CN-0J8KCX-QDC00-943-679B-A06,OSS-M713,5,DYZS8W2
DELLP2219H,TRENDS,CN-078DVT-QDC00-9AF-6R6B-A06,OSS-M542,5,8PMS8W2
DELLP2219H,TRENDS,CN-078DVT-QDC00-9AF-6RDB-A06,OSS-M543,5,D1MS8W2
DELLP2219H,TRENDS,CN-078DVT-QDC00-9AF-6PFB-A06,OSS-M544,5,J7NS8W2
DELLP2219H,TRENDS,CN-078DVT-QDC00-9AF-6PNB-A06,OSS-M545,5,H8LS8W2
DELLP2219H,TRENDS,CN-078DVT-QDC00-9AF-6PMB-A06,OSS-M546,5,H5MS8W2
DELLP2219H,TRENDS,CN-078DVT-QDC00-9AF-6RKB-A06,OSS-M547,5,3CLS8W2
DELLP2219H,TRENDS,CN-078DVT-QDC00-9BC-EK0L-A06,OSS-M548,5,27PC9W2
DELLP2219H,TRENDS,CN-078DVT-QDC00-9AF-6P6B-A06,OSS-M550,5,7ZLS8W2
DELLP2219H,TRENDS,CN-078DVT-QDC00-9AF-6P4B-A06,OSS-M551,5,FYMS8W2
DELLP2219H,TRENDS,CN-078DVT-QDC00-9AF-6R3B-A06,OSS-M552,5,G0LS8W2
DELLP2219H,TRENDS,CN-078DVT-QDC00-9AF-6RPB-A06,OSS-M553,5,BNMS8W2
DELLP2219H,TRENDS,CN-078DVT-QDC00-9AF-6R2B-A06,OSS-M554,5,HJMS8W2
DELLP2219H,TRENDS,CN-078DVT-QDC00-9AF-6RCB-A06,OSS-M555,5,CVMS8W2
DELLP2219H,TRENDS,CN-078DVT-QDC00-9AF-6PKB-A06,OSS-M556,5,93NS8W2
DELLP2219H,TRENDS,CN-078DVT-QDC00-9BC-EK4L-A06,OSS-M559,5,8CPC9W2
DELLP2219H,TRENDS,CN-078DVT-QDC00-9BC-ELCL-A06,OSS-M560,5,12QC9W2
DELLP2219H,TRENDS,CN-078DVT-QDC00-9AF-6P2B-A06,OSS-M561,5,10NS8W2
DELLP2219H,TRENDS,CN-078DVT-QDC00-9AF-6PLB-A06,OSS-M562,5,DYLS8W2
DELLP2219H,TRENDS,CN-078DVT-QDC00-9AF-6T5B-A06,OSS-M563,5,83NS8W2
DELLP2219H,TRENDS,CN-078DVT-QDC00-9AF-6RAB-A06,OSS-M564,5,B4LS8W2
DELLP2219H,TRENDS,CN-078DVT-QDC00-9AF-6RGB-A06,OSS-M565,5,DMLS8W2
DELLP2219H,TRENDS,CN-078DVT-QDC00-9AF-6RNB-A06,OSS-M567,5,53LS8W2
DELLP2219H,TRENDS,CN-078DVT-QDC00-9BC-EK3L-A06,OSS-M579,5,76NC9W2
DELLP2219H,TRENDS,CN-078DVT-QDC00-9AF-6PAB-A06,OSS-M569,5,G8NS8W2
DELLP2219H,TRENDS,CN-078DVT-QDC00-9AF-68KB-A06,OSS-M570,5,62MS8W2
DELLP2219H,TRENDS,CN-078DVT-QDC00-9AF-6R8B-A06,OSS-M571,5,8JNS8W2
DELLP2219H,TRENDS,CN-078DVT-QDC00-9AF-6R4B-A06,OSS-M572,5,4SMS8W2
DELLP2219H,TRENDS,CN-078DVT-QDC00-9AF-6REB-A06,OSS-M573,5,D2NS8W2
DELLP2219H,TRENDS,CN-078DVT-QDC00-9AF-6P9B-A06,OSS-M575,5,B7NS8W2
DELLP2219H,TRENDS,CN-078DVT-QDC00-9AF-6PGB-A06,OSS-M576,5,7NLS8W2
DELLP2219H,TRENDS,CN-078DVT-QDC00-9AF-6P8B-A06,OSS-M578,5,D3NS8W2
DELLP2219H,TRENDS,CN-078DVT-QDC00-9AF-6R7B-A06,OSS-M581,5,C2NS8W2
DELLP2219H,TRENDS,CN-078DVT-QDC00-9AF-6PEB-A06,OSS-M584,5,BLNS8W2
DELLP2219H,TRENDS,CN-078DVT-QDC00-9AF-6RMB-A06,OSS-M585,5,FSMS8W2
DELLP2219H,TRENDS,CN-078DVT-QDC00-9AF-6PVB-A06,OSS-M586,5,17NS8W2
DELLP2219H,TRENDS,CN-078DVT-QDC00-9AF-6RLB-A06,OSS-M587,5,5WMS8W2
DELLP2219H,TRENDS,CN-078DVT-QDC00-9AF-6PWB-A06,OSS-M588,5,B6NS8W2
DELLP2219H,TRENDS,CN-02KMMT-QDC00-05P-22JL-A09,OSS-M628,4,22KD443
DELLP2219H,TRENDS,CN-02KMMT-QDC00-05P-228L-A09,OSS-M629,4,27JD443
DELLP2219H,TRENDS,CN-02KMMT-QDC00-05P-22BL-A09,OSS-M630,4,2BHD443
DELLP2219H,TRENDS,CN-92KMMT-QDC00-04O-7WDL-A09,OSS-M632,4,2SSDV23
DELLP2219H,TRENDS,CN-02KMMT-QDC00-05P-22GL-A09,OSS-M636,4,3PHD443
DELLP2219H,TRENDS,CN-02KMMT-QDC00-03O-8RDU-A09,OSS-M638,4,3X2SF03
DELLP2219H,TRENDS,CN-02KMMT-QDC00-05P-216L-A09,OSS-M642,4,4HKD443
DELLP2219H,TRENDS,CN-02KMMT-QDC00-05P-219L-A09,OSS-M643,4,4NJD443
DELLP2219H,TRENDS,CN-02KMMT-QDC00-04O-7WAL-A09,OSS-M644,4,4NTDV23
DELLP2219H,TRENDS,CN-02KMMT-QDC00-05P-21ML-A09,OSS-M645,4,4XJD443
DELLP2219H,TRENDS,CN-02KMMT-QDC00-05P-21RL-A09,OSS-M646,4,4ZJD443
DELLP2219H,TRENDS,CN-02KMMT-QDC00-05P-22EL-A09,OSS-M648,4,5CHD443
DELLP2219H,TRENDS,CN-02KMMT-QDC00-05P-20QL-A09,OSS-M649,4,5ZJD443
DELLP2219H,TRENDS,CN-02KMMT-QDC00-05P-20OL-A09,OSS-M650,4,66KD443
DELLP2219H,TRENDS,CN-02KMMT-QDC00-04O-7VNL-A09,OSS-M651,4,66TDV23
DELLP2219H,TRENDS,CN-02KMMT-QDC00-05P-21VL-A09,OSS-M652,4,6JJD443
DELLP2219H,TRENDS,CN-02KMMT-QDC00-05P-21JL-A09,OSS-M653,4,6JKD443
DELLP2219H,TRENDS,CN-02KMMT-QDC00-04O-7VGL-A09,OSS-M655,4,78VDV23
DELLP2219H,TRENDS,CN-02KMMT-QDC00-05P-225L-A09,OSS-M656,4,7FKD443
DELLP2219H,TRENDS,CN-02KMMT-QDC00-05P-21SL-A09,OSS-M657,4,7HKD443
DELLP2219H,TRENDS,CN-02KMMT-QDC00-05P-21QL-A09,OSS-M658,4,7KKD443
DELLP2219H,TRENDS,CN-02KMMT-QDC00-04O-7WCL-A09,OSS-M659,4,7LVDV23
DELLP2219H,TRENDS,CN-02KMMT-QDC00-05P-21FL-A09,OSS-M660,4,82HD443
DELLP2219H,TRENDS,CN-02KMMT-QDC00-04O-7VFL-A09,OSS-M663,4,94VDV23
DELLP2219H,TRENDS,CN-02KMMT-QDC00-05P-218L-A09,OSS-M664,4,98KD443
DELLP2219H,TRENDS,CN-02KMMT-QDC00-05P-22FL-A09,OSS-M665,4,9FHD443
DELLP2219H,TRENDS,CN-02KMMT-QDC00-05P-21TL-A09,OSS-M668,4,9RHD443
DELLP2219H,TRENDS,CN-02KMMT-QDC00-04F-8T4B-A09,OSS-M669,4,9ZH6V23
DELLP2219H,TRENDS,CN-02KMMT-QDC00-05C-2N3B-A09,OSS-M670,4,9ZXQV23
DELLP2219H,TRENDS,CN-02KMMT-QDC00-04O-7VVL-A09,OSS-M671,4,B3TDV23
DELLP2219H,TRENDS,CN-02KMMT-QDC00-05P-226L-A09,OSS-M672,4,B5JD443
DELLP2219H,TRENDS,CN-02KMMT-QDC00-05P-2EPL-A09,OSS-M673,4,BDHD443
DELLP2219H,TRENDS,CN-02KMMT-QDC00-05P-222L-A09,OSS-M675,4,BMJD443
DELLP2219H,TRENDS,CN-02KMMT-QDC00-05P-1JVL-A09,OSS-M677,4,C7HD443
DELLP2219H,TRENDS,CN-02KMMT-QDC00-05P-21HL-A09,OSS-M678,4,CRHD443
DELLP2219H,TRENDS,CN-02KMMT-QDC00-04O-7WEL-A09,OSS-M681,4,D2TDV23
DELLP2219H,TRENDS,CN-02KMMT-QDC00-05P-229L-A09,OSS-M682,4,D4KD443
DELLP2219H,TRENDS,CN-02KMMT-QDC00-04O-7W7L-A09,OSS-M683,4,D7VDV23
DELLP2219H,TRENDS,CN-02KMMT-QDC00-04O-7VEL-A09,OSS-M685,4,DJTDV23
DELLP2219H,TRENDS,CN-02KMMT-QDC00-05P-21YL-A09,OSS-M689,4,G1KD443
DELLP2219H,TRENDS,CN-02KMMT-QDC00-05P-227L-A09,OSS-M690,4,G8KD443
DELLP2219H,TRENDS,CN-02KMMT-QDC00-05P-22RL-A09,OSS-M692,4,GHKD443
DELLP2219H,TRENDS,CN-02KMMT-QDC00-05P-21XL-A09,OSS-M696,4,GZJD443
DELLP2219H,TRENDS,CN-02KMMT-QDC00-04O-7WFL-A09,OSS-M697,4,H3TDV23
DELLP2219H,TRENDS,CN-02KMMT-QDC00-05P-20PL-A09,OSS-M698,4,H4JD443
DELLP2219H,TRENDS,CN-02KMMT-QDC00-05P-1YRL-A09,OSS-M699,4,H6JD443
DELLP2219H,TRENDS,CN-02KMMT-QDC00-05P-22HL-A09,OSS-M700,4,H7HD443
DELLP2219H,TRENDS,CN-02KMMT-QDC00-05P-22IL-A09,OSS-M701,4,3VGD443
DELLP2219H,TRENDS,CN-02KMMT-QDC00-05P-214L-A09,OSS-M702,4,HFHD443
DELLP2219H,TRENDS,CN-02KMMT-QDC00-05P-215L-A09,OSS-M703,4,HHJD443
DELLP2219H,TRENDS,CN-02KMMT-QDC00-05P-223L-A09,OSS-M707,4,JTHD443
DELLP2219H,TRENDS,CN-02KMMT-QDC00-05P-220L-A09,OSS-M708,4,1FHD443
DELLP2219H,TRENDS,CN-02KMMT-QDC00-04O-7W6L-A09,OSS-M709,4,1HSDV23
DELLP2219H,TRENDS,CN-078DVT-QDC00-97N-1K3B-A05,OSS-M419,5,JZRLQ63
DELLP2219H,TRENDS,CN-02D16T-QDC00-0AE-1KDL-A12,OSS-M476,5,9XRLQ63
DELLP2219H,TRENDS,CN-02D16T-QDC00-0AE-1KFL-A12,OSS-M525,5,74SLQ63
DELLP2219H,TRENDS,CN-02D16T-QDC00-0AE-4J5B-A12,OSS-M457,5,CLDBQ63
DELLP2217H,TRENDS,CN-0J8KCX-QDC00-7CM-52WL-A02,OSS-M744,7,C0GRTL2
DELLP2222H,TRENDS,CN-0CJGT7-QDC00-183-03QB-A00,OSS-M435,5,B98Y2C3
DELLP2222H,TRENDS,CN-0CJGT7-QDC00-1A8-0S0L-A01,OSS-M718,2,15L33C3
DELLP2222H,TRENDS,CN-0CJGT7-QDC00-1A8-0RGL-A01,OSS-M719,2,3BK33C3
DELLP2222H,TRENDS,CN-0CJGT7-QDC00-1A8-0RML-A01,OSS-M721,2,6PL33C3
DELLP2222H,TRENDS,CN-0CJGT7-QDC00-1A8-0RKL-A01,OSS-M722,2,8PJ33C3
DELLP2222H,TRENDS,CN-0CJGT7-QDC00-1A8-0S3L-A01,OSS-M723,2,9NJ33C3
DELLP2222H,TRENDS,CN-0CJGT7-QDC00-1A8-0RJL-A01,OSS-M724,2,DRK33C3
DELLP2222H,TRENDS,CN-0CJGT7-QDC00-1A8-0RSL-A01,OSS-M725,2,GZK33C3
DELLP2222H,TRENDS,CN-0CJGT7-QDC00-1A8-0ROL-A01,OSS-M726,2,J7K33C3
DELLP2222H,TRENDS,CN-0CJGT7-QDC00-1A8-0S1L-A01,OSS-M727,2,17K33C3
DELLP2222H,TRENDS,CN-0CJGT7-QDC00-1A8-0RIL-A01,OSS-M728,2,3FK33C3
DELLP2222H,TRENDS,CN-0CJGT7-QDC00-1A8-0S2L-A01,OSS-M729,2,49K33C3
DELLP2222H,TRENDS,CN-0CJGT7-QDC00-1A8-0RRL-A01,OSS-M731,2,8YJ33C3
DELLP2222H,TRENDS,CN-0CJGT7-QDC00-1A8-0QZL-A01,OSS-M732,2,9RJ33C3
DELLP2222H,TRENDS,CN-0CJGT7-QDC00-1A8-0RWL-A01,OSS-M733,2,FGL33C3
DELLP2222H,TRENDS,CN-0CJGT7-QDC00-1A8-0RTL-A01,OSS-M734,2,HPL33C3
DELLP2222H,TRENDS,CN-0CJGT7-QDC00-1A8-0RBL-A01,OSS-M735,2,1QJ33C3
DELLP2222H,TRENDS,CN-0CJGT7-QDC00-1A8-0RNL-A01,OSS-M736,2,3LJ33C3
DELLP2222H,TRENDS,CN-0CJGT7-QDC00-1A8-0RZL-A01,OSS-M738,2,7ZK33C3
DELLP2222H,TRENDS,CN-0CJGT7-QDC00-1A8-0RXL-A01,OSS-M739,2,9JK33C3
DELLP2222H,TRENDS,CN-0CJGT7-QDC00-1A8-0RVL-A01,OSS-M740,2,BLL33C3
DELLP2222H,TRENDS,CN-0CJGT7-QDC00-1A8-0RUL-A01,OSS-M741,2,G4L33C3
DELLP2222H,TRENDS,CN-0CJGT7-QDC00-1A8-0RHL-A01,OSS-M742,2,HXJ33C3
DELLP2219H,TRENDS,CN-07RPFD-QDC00-993-33WB-A00,OSS-M390,5,GVV18W2
DELLP2219H,TRENDS,CN-078DVT-QDC00-972-2D7L-A04,OSS-M401,5,7PR57W2
DELLP2219H,TRENDS,CN-078DVT-QDC00-97N-1CHB-A05,OSS-M452,5,CFLH7W2
DELLP2219H,TRENDS,CN-078DVT-QDC00-9AF-6P5B-A06,OSS-M568,5,3CNS8W2
DELLP2219H,TRENDS,CN-02KMMT-QDC00-05P-20RL-A09,OSS-M639,4,43JD443
DELLP2222H,TRENDS,CN-OCJGT7-QDC00-21T-2SLI-A03,OSS-M483,5,5JNQPK3
DELLP2219H,TRENDS,CN-07RPFD-QDC00-99E-0DGB-A07,OSS-M509,5,8ZV58W2
DELLP2219H,TRENDS,CN-078DVT-QDC00-91Q-7A5B-A03,OSS-M305,5,GZ9KYS2
DELLP2217H,TRENDS,CN-0J8KCX-QDC00-7CM-537L-A02,OSS-M746,2,41GRTL2
DELLP2217H,TRENDS,CN-0J8KCX-QDC00-7CM-544L-A02,OSS-M279,2,G2GRTL2
DELLP2217H,TRENDS,CN-0J8KCX-QDC00-7CM-28RL-A02,OSS-M368,7,1R5RTL2
DELLP2219H,TRENDS,CN-078DVT-QDC00-85Q-70KB-A02,OSS-M374,5,71199P2
DellE2216H,TRENDS,CN-0M84B9-QDC00--830-0CHB-A05,OSS-M223,1,JSGJFN2
DellP2217H,TRENDS,CN-0J8KCX-QDC00-7CM-54GL-A02,OSS-M224,1,93GRTL2
DELLP2217H,TRENDS,CN-0J8KCX-QDC00-7CM-52HL-A02,OSS-M361,1,JZFRTL2
DELLP2217H,TRENDS,CN-0J8KCX-QDC00-7CM-53KL-A02,OSS-M354,1,H1GRTL2
DELLP2217H,TRENDS,CN-0J8KCX-QDC00-7CM-30RL-A02,OSS-M365,1,GH5RTL2
DELLP2217H,TRENDS,CN-0J8KCX-QDC00-7CM-53AL-A02,OSS-M355,1,71GRTL2
DELLP2217H,TRENDS,CN-0J8KCX-QDC00-7CM-294L-A02,OSS-M366,1,CR5RTL2
DELLP2217H,TRENDS,CN-0J8KCX-QDC00-7CM-539L-A02,OSS-M377,1,61GRTL2
DELLP2217H,TRENDS,CN-0J8KCX-QDC00-7CM-28KL-A02,OSS-M367,1,DQ5RTL2
DELLP2217H,TRENDS,CN-0J8KCX-QDC00-7CM-53GL-A02,OSS-M378,1,D1GRTL2
DELLP2217H,TRENDS,CN-0J8KCX-QDC00-7CM-27HL-A02,OSS-M357,1,FN5RTL2
DELLP2217H,TRENDS,CN-0J8KCX-QDC00-7CM-53JL-A02,OSS-M373,1,G1GRTL2
DELLP2217H,TRENDS,CN-0J8KCX-QDC00-7CN-53HL-A02,OSS-M359,1,F1GRTL2
DELLP2217H,TRENDS,CN-0J8KCX-QDC00-7CM-27YL-A02,OSS-M370,1,9P5RTL2
DELLP2217H,TRENDS,CN-0J8KCX-QDC00-7CM-53FL-A02,OSS-M358,1,C1GRTL2
DELLP2217H,TRENDS,CN-0J8KCK-QDC00-7CM-542L-A02,OSS-M369,1,D2GRTL2
DELLP2217H,TRENDS,CN-0J8KCX-QDC00-7CM-54UL-A02,OSS-M371,1,34GRTL2
DELLP2219H,TRENDS,CN-0MDVM4-QDC00-984-76PL-A05,OSS-M389,1,FZHN7W2
DELLP2219H,TRENDS,CN-078DVT-QDC00-97N-1D0B-A05,OSS-M488,5,7SLH7W2
DELLP2219H,TRENDS,CN-078DVT-QDC00-97N-1C7B-A05,OSS-M520,5,9BLH7W2
DellP2217H,TRENDS,CN-0J8KCX-QDC00-7CM-538L-A02,OSS-M025,1,51GRTL2
DELLP2219H,TRENDS,CN-078DVT-QDC00-9AF-6PCB-A06,OSS-M582,2,JWMS8W2
DELLP2219H,TRENDS,CN-02KMMT-QDC00-05P-22ML-A09,OSS-M704,1,J1KD443
DELLP2219H,TRENDS,CN-078DVT-QDC00-9AF-6P7B-A06,OSS-M566,2,H8MS8W2
DELLP2222H,TRENDS,CN-0CJGT7-QDC00-1A8-0RPL-A01,OSS-M737,1,6NJ33C3
DELLP2222H,TRENDS,CN-0CJGT7-QDC00-1A8-0RYL-A01,OSS-M720,1,3MJ33C3
DELLP2219H,TRENDS,CN-078DVT-QDC00-97N-1E4B-A05,OSS-M446,1,22LH7W2
DELLP2219H,TRENDS,CN-078DVT-QDC00-97N-1D8B-A05,OSS-M497,1,1FLH7W2
DellP2219H,TRENDS,CN-078DVT-QDC00-91Q-7A2B-A03,OSS-M346,1,24BKYS2
DELLP2222H,TRENDS,CN-0CJGT7-QDC00-1A8-0RLL-A01,OSS-M730,1,7JL33C3
DELLP2219H,TRENDS,CN-078DVT-QDC00-98M-3LEB-A05,OSS-M487,1,CL1Y7W2
DELLP2219H,TRENDS,CN-078DVT-QDC00-91Q-7D1B-A03,OSS-M383,1,42BKYS2
DELLP2217H,TRENDS,CN-0J8KCX-QDC00-7CM-54HL-A02,OSS-M209,1,B3GRTL2
DELLP2219H,TRENDS,CN-078DVT-QDC00-97N-1DRB-A05,OSS-M473,5,DGLH7W2
DELLP2217H,TRENDS,CN-0J8KCX-QDC00-7CM-52NL-A02,OSS-M326,7,50GRTL2
DELLP2219H,TRENDS,CN-02KMMT-QDC00-05P-221L-A09,OSS-M637,4,HDJD443
DELLP2219H,TRENDS,CN-078DVT-QDC00-97N-1E3B-A05,OSS-M531,4,6JLH7W2
DellP2219H,TRENDS,CN-0J8KCX-QDC00-7CM-546L-A02,OSS-M229,4,J2GRTL2
